{"cameraMode":{"drawMode":0,"name":"Shaded","section":"Shading Mode"},"sceneLighting":false,"audioPlay":false,"sceneViewState":{"m_AlwaysRefresh":false,"showFog":true,"showSkybox":false,"showFlares":true,"showImageEffects":true,"showParticleSystems":true,"showVisualEffectGraphs":true,"m_FxEnabled":true},"in2DMode":false,"pivot":{"x":9.386192321777344,"y":5.663914680480957,"z":2.5624046325683595},"rotation":{"x":0.02290647104382515,"y":-0.8871714472770691,"z":0.4587169587612152,"w":0.044971685856580737},"size":0.8660253882408142,"orthographic":false}